{
    "cnn_accuracy": 0.9585621567648527,
    "knn_accuracy": 0.9755366949575637,
    "macro_precision": 0.9062465752602719,
    "macro_recall": 0.875326113837262,
    "macro_f1": 0.8853102797486142,
    "weighted_f1": 0.9742789896424788,
    "macro_roc_auc": 0.9734466363775189
}